{"creditScore":200,"money":15.0,"health":100.0,"time":4139,"sick":false,"clothes":1,"hunger":97.30648040771484,"energy":91.91532897949219,"bike":false}