{"money":10,"health":100,"clothes":false,"hunger":95.83016967773438,"energy":54.28144836425781,"bike":false}